individual	CHR	START	STOP	TYPE
ID_38	chr10	68456145	68550490	DEL
ID_474	chr11	91481728	91669648	DEL
ID_523	chr18	38514376	38681926	DEL
ID_597	chr18	7067652	7575300	DUP
ID_947	chr5	147968858	148319491	DUP
ID_24	chr15	21066428	23140114	DUP
ID_615	chr7	110876962	111093419	DEL
ID_126	chr18	63886711	64164984	DEL
ID_621	chr16	6514667	6712186	DUP
ID_621	chr8	5443183	5532738	DEL
ID_621	chr9	119472552	119598595	DEL
ID_583	chr6	162582665	162754871	DEL
ID_542	chr7	8968609	9116992	DEL
ID_914	chr1	248336762	248414768	DEL
ID_60	chr19	2786257	2962275	DUP
ID_78	chr17	33682734	33768603	DEL
ID_406	chr22	47372368	47537600	DEL
ID_406	chr3	161411403	161549965	DEL
ID_398	chr16	84058754	85044117	DUP
ID_391	chr7	152878333	153089729	DEL
ID_327	chr20	46465332	47116364	DEL
ID_275	chr8	16423474	16747834	DUP
ID_818	chr5	21584489	22632898	DUP
ID_911	chr7	6963659	7495735	DUP
ID_460	chr9	304628	679997	DUP
ID_77	chr10	26017913	26117821	DEL
ID_652	chr8	14550224	14639668	DEL
ID_103	chr18	1734851	1834649	DEL
ID_447	chr6	77884527	77971145	DEL
ID_801	chr20	8232671	8575671	DUP
ID_83	chr2	110826261	110980922	DEL
ID_408	chr2	68680413	68898972	DEL
ID_879	chr7	64679785	65083316	DEL
ID_706	chr6	142234189	142434511	DEL
ID_238	chr2	45426497	45953910	DUP
ID_14	chr13	92064644	92291620	DEL
ID_161	chr4	186932547	187130393	DUP
ID_713	chr12	59293967	60446201	DUP
ID_713	chr20	41177956	41250407	DEL
ID_19	chr4	30085730	30313458	DEL
ID_313	chr9	7336443	7411160	DEL
ID_961	chr4	134919721	135178114	DEL
ID_10	chr13	23530819	24956056	DUP
ID_10	chr13	90427950	90887932	DEL
ID_10	chr7	97059775	97702660	DUP
ID_480	chr10	68071613	68187295	DEL
ID_484	chr8	11206355	11258872	DEL
ID_580	chr17	3472871	3561396	DUP
ID_945	chr9	28188731	28359042	DEL
ID_622	chr16	86710660	86858713	DEL
ID_622	chr8	46936447	48456731	DUP
ID_2	chr15	79861769	80002637	DEL
ID_193	chr14	55034829	55741370	DUP
ID_524	chr8	3890039	4034110	DEL
ID_940	chr2	241765564	242054750	DUP
ID_185	chr2	386507	716134	DUP
ID_616	chr1	240039840	240236934	DUP
ID_418	chr9	28592527	28770262	DEL
ID_969	chr17	6157	204930	DEL
ID_762	chr7	100917384	101105107	DUP
ID_246	chr4	162467971	162885361	DUP
ID_924	chr16	34179316	35257261	DUP
ID_924	chr4	168789572	168991763	DEL
ID_870	chr4	134919721	135178114	DEL
ID_882	chr2	35823824	36089232	DEL
ID_158	chr1	46476447	46612106	DEL
ID_158	chr15	32068396	32444995	DUP
ID_158	chr8	43052991	43752221	DUP
ID_810	chr3	161411403	161546527	DEL
ID_145	chr7	9245574	9727027	DUP
ID_143	chr15	32058551	32515849	DUP
ID_143	chr2	186442109	186871687	DEL
ID_216	chr20	17769540	17891945	DEL
ID_216	chr5	109325368	109517668	DEL
ID_556	chr1	238587173	239895046	DUP
ID_556	chr2	77994215	78165625	DEL
ID_556	chr7	75145623	76261499	DUP
ID_556	chr7	152978572	153543534	DUP
ID_405	chr17	3505233	3561396	DEL
ID_464	chr11	134152143	134214931	DEL
ID_782	chr4	168807526	168991763	DEL
ID_219	chr8	5567777	5828147	DEL
ID_94	chr2	32633925	33327205	DUP
ID_943	chr7	143400205	143884022	DUP
ID_867	chr20	23415539	23568490	DEL
ID_251	chr9	2695208	2819117	DEL
ID_562	chr6	6182665	6283666	DEL
ID_205	chr5	18676487	19913921	DEL
ID_635	chr9	116951556	117449864	DUP
ID_311	chr6	1667031	2097686	DEL
ID_671	chr7	48294329	48420915	DEL
ID_599	chr15	31077887	32902065	DUP
ID_26	chr5	115512352	115607289	DEL
ID_721	chr18	6056547	6486442	DUP
ID_721	chr8	4310686	4420330	DEL
ID_918	chr1	146478785	148344730	DEL
ID_262	chr5	99236726	99324392	DEL
ID_262	chr8	15295600	15410346	DEL
ID_826	chr12	190980	351323	DUP
ID_890	chr7	8973489	9161829	DEL
ID_257	chr10	68271090	68354364	DEL
ID_20	chr4	92663348	92906792	DEL
ID_20	chr7	125500044	125700516	DEL
ID_596	chr7	158549032	158893020	DUP
ID_7	chr1	102660815	102835103	DEL
ID_716	chr7	64679785	65092316	DEL
ID_557	chr17	33682734	33767742	DEL
ID_557	chr2	81602996	81684934	DEL
ID_923	chr15	71476324	71647000	DEL
ID_437	chr4	58139917	58561997	DUP
ID_233	chr18	26819325	27019325	DEL
ID_725	chr15	22538194	23093770	DUP
ID_6	chr16	6549203	6701357	DEL
ID_917	chr15	22750297	23140114	DUP
ID_917	chr3	5085835	5153999	DEL
ID_917	chr5	94769745	94878926	DEL
ID_575	chr9	19909755	20138725	DEL
ID_344	chr20	21805589	22111034	DEL
ID_501	chr17	71794226	72690643	DUP
ID_636	chr16	21538186	21739752	DEL
ID_932	chr16	21599056	21739752	DEL
ID_432	chr16	81202731	81341363	DUP
ID_617	chr4	168829491	168998431	DEL
ID_144	chr15	32005244	32515849	DUP
ID_252	chr16	6935020	7059649	DEL
ID_438	chr2	46128458	47251469	DUP
ID_438	chr3	4001605	4325300	DEL
ID_438	chr5	85210441	85577284	DEL
ID_576	chr15	22750297	23253030	DEL
ID_99	chr7	14565474	15776571	DUP
ID_805	chr16	14951389	16308285	DUP
ID_488	chr1	245934984	245997919	DEL
ID_488	chr7	11140383	11267767	DEL
ID_5	chr2	110826261	110980922	DEL
ID_45	chr2	138560990	139650245	DUP
ID_606	chr4	189981670	190364932	DUP
ID_803	chr21	31736117	31827574	DEL
ID_686	chr15	85818104	86132066	DUP
ID_686	chr21	35724739	35906351	DUP
ID_668	chr19	23906467	24545657	DUP
ID_685	chr6	90255192	90701109	DUP
ID_591	chr9	29011285	29714893	DUP
ID_662	chr15	31077887	32795834	DUP
ID_662	chr17	6758514	6862098	DEL
ID_628	chr2	32655894	33327205	DUP
ID_445	chr12	9129091	9229986	DEL
ID_445	chr3	161414705	161550701	DEL
ID_693	chr19	52335195	52570714	DUP
ID_119	chr7	89555562	89706978	DEL
ID_665	chr2	106865487	108479487	DEL
ID_892	chr7	64679785	65092316	DEL
ID_889	chr10	4566089	5159883	DUP
ID_292	chr12	46777851	47023317	DEL
ID_49	chr22	18876630	21409191	DUP
ID_330	chr5	83778480	83908638	DEL
ID_44	chr6	39191384	39421715	DUP
ID_56	chr10	130562516	131729520	DUP
ID_974	chr22	25808939	25911773	DUP
ID_459	chr4	168810233	168991763	DEL
ID_840	chr8	6132069	6307511	DUP
ID_549	chr15	90219946	90274639	DEL
ID_96	chr8	13691040	13762061	DEL
ID_990	chr9	6717628	6831925	DEL
ID_229	chr16	10389412	10582727	DEL
ID_539	chr8	15425278	16149703	DEL
ID_934	chr18	1734851	1831638	DEL
ID_934	chr4	101597810	101770916	DEL
ID_531	chr1	119759690	119937772	DUP
ID_978	chr9	11649791	11963439	DEL
ID_951	chr1	117548322	118277140	DUP
ID_371	chr4	7615377	8295839	DUP
ID_888	chr22	31214382	31381741	DEL
ID_175	chr13	96707990	96993818	DEL
ID_175	chr16	10417501	10536449	DEL
ID_175	chr8	123513847	123570236	DEL
ID_581	chr9	28189782	28348133	DEL
ID_738	chr11	5341476	5455929	DEL
ID_174	chr7	143657232	143860462	DUP
ID_874	chr4	168829491	168998431	DEL
ID_328	chr5	21123190	21665667	DEL
ID_417	chr4	10203462	10311887	DEL
ID_865	chr12	23665503	24289366	DUP
ID_820	chr3	1081832	1223040	DEL
ID_664	chr2	137985685	138111767	DEL
ID_569	chr8	3944082	4034110	DEL
ID_563	chr17	71931641	72694617	DUP
ID_732	chr19	43768112	43841838	DEL
ID_819	chr10	46222956	51827934	DUP
ID_819	chr5	10810622	11391331	DUP
ID_846	chr5	177987641	178385846	DUP
ID_426	chr3	157161305	157658971	DEL
ID_899	chr13	21976837	22222662	DEL
ID_256	chr11	110434404	111865833	DUP
ID_256	chr15	101976951	102173681	DUP
ID_256	chr19	6954725	7017547	DEL
ID_317	chr22	34787677	34875363	DEL
ID_778	chr16	21946523	22401306	DUP
ID_521	chr8	78443188	78587009	DEL
ID_881	chr16	6834880	7006203	DEL
ID_535	chr10	10180561	10247218	DEL
ID_996	chr9	11649791	11914770	DEL
ID_773	chr21	35734013	35909208	DUP
ID_781	chr9	1990787	2626654	DUP
ID_90	chr21	31736117	31827574	DEL
ID_377	chr5	8133997	8984391	DUP
ID_142	chr10	135252932	135373679	DEL
ID_62	chr19	6957877	7017547	DEL
ID_589	chr10	57671424	57913182	DEL
ID_884	chr15	94937370	95120002	DEL
ID_111	chr13	105544161	105896896	DEL
ID_111	chr8	15652803	16256042	DUP
ID_177	chr6	83757448	83917008	DEL
ID_177	chr8	82999568	83492716	DEL
ID_903	chr2	216748034	216840121	DEL
ID_903	chr4	63601234	64091087	DUP
ID_925	chr11	55432851	55601016	DEL
ID_925	chr16	89707093	89799804	DEL
ID_401	chr15	32058551	32515849	DUP
ID_386	chr15	22750297	23232224	DEL
ID_854	chr4	187172931	187623847	DUP
ID_854	chr4	187800371	188614171	DEL
ID_226	chr11	56086147	56230678	DEL
ID_22	chr9	28205131	28348133	DEL
ID_456	chr9	26263018	26426305	DEL
ID_980	chr9	116955480	117396237	DUP
ID_159	chr22	44022493	44485397	DUP
ID_699	chr2	184218309	185670496	DUP
ID_294	chr7	13110824	13239314	DEL
ID_708	chr10	83781938	83963196	DEL
ID_708	chr3	157161305	157669883	DEL
ID_708	chr7	67824943	68221385	DEL
ID_756	chr6	47908664	48400589	DEL
ID_795	chr5	11460375	11621072	DEL
ID_999	chr8	3307484	5275851	DUP
ID_244	chr7	146991320	147096254	DEL
ID_187	chr5	145377578	145506100	DEL
ID_258	chr10	19058292	19287652	DEL
ID_258	chr9	94796947	95142122	DEL
ID_220	chr1	160008587	161503013	DUP
ID_13	chr19	52267703	52570714	DUP
ID_528	chr11	83982503	84194972	DEL
ID_850	chr19	54754103	54829008	DUP
ID_67	chr8	4571430	4626253	DEL
ID_533	chr9	28592527	28759983	DEL
ID_486	chr8	2131186	2184115	DEL
ID_477	chr2	110826261	110980922	DEL
ID_769	chr10	135252932	135373679	DEL
ID_522	chr17	73814232	74119090	DUP
ID_148	chr9	25264147	25352201	DEL
ID_429	chr4	136659584	137150359	DEL
ID_236	chr14	41861818	41983588	DEL
ID_679	chr10	135252932	135373679	DEL
ID_679	chr7	64715714	65092316	DUP
ID_836	chr7	64679785	65092316	DEL
ID_949	chr1	245388665	245513751	DEL
ID_949	chr15	75628414	76104050	DUP
ID_634	chr15	32106423	32444995	DUP
ID_421	chr6	108405176	109099027	DUP
ID_619	chr12	21008080	21403457	DEL
ID_619	chr4	10135421	10919894	DUP
ID_619	chr7	9133779	9224481	DEL
ID_428	chr1	33871246	34424462	DUP
ID_176	chr3	117226155	117376407	DEL
ID_172	chr16	6295154	6382806	DEL
ID_967	chr8	78625118	78773961	DEL
ID_57	chr22	44998325	45256820	DUP
ID_490	chr17	3498316	3568401	DUP
ID_936	chr18	1741935	1842188	DEL
ID_255	chr1	74430020	74701950	DEL
ID_255	chr2	110826261	110962726	DUP
ID_470	chr17	71831938	72690643	DUP
ID_678	chr18	1683704	1774157	DEL
ID_871	chr4	188490282	189046279	DUP
ID_167	chr4	63786236	64103142	DUP
ID_286	chr22	18876630	21741331	DUP
ID_105	chr2	110826261	110980922	DEL
ID_608	chr20	14710482	15047578	DEL
ID_608	chr7	9133779	9224481	DEL
ID_880	chr4	27454564	27955225	DEL
ID_472	chr21	37477069	37619724	DUP
ID_692	chr15	85800655	86132066	DUP
ID_692	chr5	142409562	142610530	DEL
ID_692	chr8	99638216	99811383	DEL
ID_138	chr16	78559734	78670954	DEL
ID_705	chr9	25264147	25337327	DEL
ID_314	chr3	115605002	115730770	DEL
ID_79	chr19	52296401	52610064	DUP
ID_384	chr14	31882473	32030645	DEL
ID_479	chr2	148915940	149130406	DEL
ID_479	chr5	1948384	2189305	DUP
ID_709	chr2	3363111	3778858	DUP
ID_653	chr10	12800441	13137865	DUP
ID_653	chr8	2131186	2184115	DEL
ID_663	chr2	76589188	76648560	DEL
ID_475	chr10	73483645	73751207	DUP
ID_475	chr16	6867965	6988620	DEL
ID_571	chr16	6842595	6965428	DEL
ID_98	chr10	68210652	68314537	DEL
ID_98	chr19	6957877	7017547	DEL
ID_648	chr8	8136397	8301849	DUP
ID_441	chr21	37484722	37619724	DUP
ID_414	chr8	5556979	5658191	DEL
ID_697	chr11	134152143	134216292	DEL
ID_675	chr6	162643777	162990988	DUP
ID_950	chr3	876447	1453365	DEL
ID_950	chr5	101096385	101482434	DEL
ID_863	chr16	5610019	5985987	DUP
ID_611	chr14	95591629	95759141	DEL
ID_183	chr2	35823824	36109934	DEL
ID_966	chr12	126942675	127164525	DUP
ID_744	chr16	81157324	81291642	DEL
ID_814	chr15	101864596	102156563	DUP
ID_832	chr10	92136784	92331036	DEL
ID_832	chr15	45723032	46803809	DUP
ID_380	chr21	31818526	32216253	DEL
ID_667	chr15	32058551	32515849	DUP
ID_667	chr18	7102036	7575300	DUP
ID_27	chr22	49840871	49907896	DEL
ID_435	chr19	6957877	7017547	DEL
ID_659	chr16	34179316	35257261	DEL
ID_659	chr4	136496442	136904847	DEL
ID_199	chr5	20781145	21319693	DUP
ID_626	chr22	17639837	17809449	DUP
ID_61	chr2	84548329	84731991	DEL
ID_61	chr22	36605331	36713020	DUP
ID_239	chr5	84698310	85430196	DEL
ID_393	chr4	134919721	135252930	DEL
ID_566	chr22	26506851	27109033	DUP
ID_12	chr15	22426582	23606378	DUP
ID_646	chr5	45829842	46403633	DUP
ID_147	chr1	189332108	189533463	DEL
ID_151	chr9	28205131	28359042	DEL
ID_396	chr18	1734851	1834649	DEL
ID_396	chr2	117965997	118120430	DEL
ID_396	chr2	118254485	118406014	DEL
ID_396	chr3	196998537	197226213	DUP
ID_915	chr10	92007112	92600239	DUP
ID_259	chr11	55432851	55601016	DEL
ID_162	chr17	33682734	33766947	DEL
ID_218	chr16	14951389	16353166	DUP
ID_48	chr22	22318354	22569137	DEL
ID_512	chr17	33682734	33767742	DEL
ID_605	chr8	15820384	15876543	DEL
ID_794	chr19	27751259	28309947	DEL
ID_750	chr13	92064644	92291620	DEL
ID_750	chr9	28031741	28088400	DEL
ID_912	chr4	64494944	64798041	DEL
ID_912	chr6	68234089	68429280	DEL
ID_972	chr3	161411403	161550701	DEL
ID_382	chr3	144980846	145173788	DEL
ID_375	chr9	25264147	25346372	DEL
ID_627	chr1	86487992	86759474	DEL
ID_578	chr22	18876630	21463545	DUP
ID_578	chr8	17783513	18020696	DEL
ID_701	chr4	188466109	188804749	DUP
ID_701	chr4	189492330	189818552	DUP
ID_593	chr11	27074645	27229688	DUP
ID_593	chr21	15964119	17506103	DEL
ID_593	chr9	559434	807606	DUP
ID_851	chr15	31973629	32444995	DUP
ID_851	chr8	62287660	62961438	DUP
ID_754	chr3	4011128	4212684	DEL
ID_642	chr3	595259	1345425	DUP
ID_720	chr4	189690383	189927299	DUP
ID_471	chr4	10959658	11356965	DUP
ID_476	chr2	32267039	32744989	DEL
ID_942	chr5	23148472	24082439	DUP
ID_592	chr9	73865135	74208698	DUP
ID_779	chr16	15120501	16353166	DUP
ID_92	chr15	32058551	32444995	DUP
ID_901	chr7	110789022	111188152	DEL
ID_356	chr9	175050	408289	DUP
ID_790	chr16	21538186	21739752	DEL
ID_120	chr7	64679785	65092316	DEL
ID_612	chr5	101007807	101282822	DEL
ID_657	chr16	16620327	17135795	DUP
ID_761	chr6	10476959	10529449	DEL
ID_360	chr9	28192662	28348133	DEL
ID_844	chr15	76443664	76701191	DUP
ID_84	chr13	92861321	96071183	DEL
ID_584	chr3	161411403	161550701	DEL
ID_181	chr7	125500044	125577377	DEL
ID_349	chr15	22750297	23253030	DEL
ID_349	chr2	110826261	110980922	DUP
ID_72	chr9	98766902	98862133	DEL
ID_320	chr18	76669931	76972429	DUP
ID_582	chr7	64679785	65092316	DEL
ID_345	chr17	3505233	3560018	DEL
ID_345	chr8	146011111	146175539	DUP
ID_904	chr11	21560094	21703923	DUP
ID_904	chr14	52623137	52755152	DUP
ID_904	chr7	100968363	101131052	DUP
ID_904	chr8	140326361	140452253	DUP
ID_833	chr13	107999546	108181020	DEL
ID_833	chr16	79840131	79903421	DEL
ID_833	chr15	32033523	32515100	DUP
